multiplier,kind,rule,before,after,state,symbol
3,0,0,aab,,,-1
4,0,1,aaa,,,-1
3,0,4,baa,,,-1
2,0,3,aba,a,,-1
2,0,2,bab,ba,,-1
2,0,5,aba,aba,,-1
1,0,3,ab,bab,,-1
1,0,5,a,bba,,-1
1,0,3,,bbb,,-1
2,0,8,,bbb,,-1
2,0,0,bab,,,-1
3,0,1,bba,,,-1
3,0,4,bbb,,,-1
3,0,6,bbb,a,,-1
2,0,7,bbb,aa,,-1
1,0,7,bb,baa,,-1
1,0,7,b,bba,,-1
1,0,7,,bbb,,-1
2,0,10,,bbb,,-1
4,0,0,bba,,,-1
6,0,0,bbb,,,-1
7,0,1,bbb,,,-1
3,0,7,bbb,,,-1
2,0,7,abb,b,,-1
1,0,7,ab,bb,,-1
1,0,7,a,bbb,,-1
1,0,4,,bbb,,-1
2,0,9,,abb,,-1
4,0,7,abb,,,-1
3,0,7,aab,b,,-1
2,0,7,aaa,bb,,-1
1,0,4,aa,bbb,,-1
1,0,3,a,abb,,-1
2,0,2,,bab,,-1
2,0,8,,aba,,-1
6,0,1,abb,,,-1
3,0,7,bab,,,-1
2,0,7,aba,b,,-1
2,0,4,bab,bb,,-1
1,0,6,ba,abb,,-1
1,0,4,b,aab,,-1
1,0,6,,aaa,,-1
2,0,10,,aaa,,-1
3,0,1,aab,,,-1
2,0,7,aaa,,,-1
2,0,4,aaa,b,,-1
1,0,3,baa,ab,,-1
1,0,2,aba,bab,,-1
1,0,2,ab,aba,,-1
1,0,5,a,aab,,-1
1,0,3,,baa,,-1
1,0,8,,bba,,-1
2,0,1,aba,,,-1
2,0,4,aab,,,-1
1,0,6,baa,a,,-1
1,0,4,bba,aa,,-1
1,0,3,bbb,aaa,,-1
1,0,5,bb,baa,,-1
1,0,6,b,bba,,-1
1,0,7,,abb,,-1
1,0,10,,bab,,-1
2,0,0,baa,,,-1
2,0,0,abb,,,-1
5,0,1,bab,,,-1
4,0,7,bba,,,-1
3,0,4,abb,b,,-1
1,0,6,ab,ab,,-1
1,0,7,a,aab,,-1
1,0,4,,baa,,-1
1,0,9,,aba,,-1
4,0,1,baa,,,-1
3,0,4,aba,,,-1
1,0,3,aab,a,,-1
1,0,5,aaa,ba,,-1
1,0,3,aa,bba,,-1
1,0,2,a,bbb,,-1
1,0,2,,abb,,-1
2,0,8,,aab,,-1
3,0,7,aab,,,-1
2,0,7,baa,b,,-1
1,0,4,ba,bb,,-1
1,0,3,b,abb,,-1
1,0,5,,bab,,-1
1,0,9,,bba,,-1
2,0,6,aab,ab,,-1
1,0,7,aa,aab,,-1
1,0,4,a,baa,,-1
1,0,3,,aba,,-1
2,0,8,,bab,,-1
2,0,3,bab,a,,-1
1,0,5,bba,ba,,-1
1,0,3,bb,bba,,-1
1,0,5,b,bbb,,-1
1,0,6,,bbb,,-1
1,0,10,,abb,,-1
1,0,7,bab,b,,-1
1,0,7,aba,bb,,-1
1,0,4,ab,bbb,,-1
1,0,6,a,abb,,-1
1,0,4,,aab,,-1
2,0,9,,aaa,,-1
1,0,7,aaa,b,,-1
1,0,4,aaa,bb,,-1
1,0,3,aaa,abb,,-1
1,0,2,aa,bab,,-1
1,0,2,a,aba,,-1
1,0,2,,aab,,-1
2,0,8,,aaa,,-1
1,0,7,aba,,,-1
1,0,4,aab,b,,-1
1,0,6,aaa,ab,,-1
1,0,4,baa,aab,,-1
1,0,3,ba,aaa,,-1
1,0,2,b,baa,,-1
1,0,5,,aba,,-1
2,0,9,,bab,,-1
1,0,3,aab,bab,,-1
1,0,5,aa,bba,,-1
1,0,3,a,bbb,,-1
1,0,2,,bbb,,-1
2,0,8,,abb,,-1
1,0,7,abb,aa,,-1
1,0,7,bab,baa,,-1
1,0,7,ba,bba,,-1
1,0,4,b,bbb,,-1
1,0,6,,abb,,-1
1,0,10,,aab,,-1
1,0,4,aba,bb,,-1
1,0,3,ab,abb,,-1
1,0,5,a,bab,,-1
1,0,3,,bba,,-1
1,0,4,bbb,b,,-1
1,0,6,bbb,ab,,-1
1,0,7,bb,aab,,-1
1,0,7,b,baa,,-1
1,0,7,,bba,,-1
1,0,4,bba,,,-1
1,0,3,bbb,a,,-1
1,0,5,bbb,ba,,-1
1,0,6,abb,bba,,-1
1,0,7,ab,abb,,-1
1,0,7,a,bab,,-1
1,0,4,,bba,,-1
2,0,7,aaa,aab,,-1
1,0,4,aa,baa,,-1
1,0,3,a,aba,,-1
1,0,5,aba,ba,,-1
1,0,3,bab,bba,,-1
1,0,5,ba,bbb,,-1
1,0,3,b,bbb,,-1
1,0,5,,bbb,,-1
1,0,9,,bbb,,-1
1,0,7,bbb,b,,-1
1,0,7,abb,bb,,-1
1,0,7,aab,bbb,,-1
1,0,7,aa,bbb,,-1
1,0,4,a,bbb,,-1
1,0,3,,abb,,-1
1,0,7,bab,bb,,-1
1,0,7,bba,bbb,,-1
1,0,4,bb,bbb,,-1
1,0,6,b,abb,,-1
1,0,7,,aab,,-1
1,0,10,,baa,,-1
1,0,7,baa,bb,,-1
1,0,4,bba,bbb,,-1
1,0,3,abb,abb,,-1
1,0,5,ab,bab,,-1
1,0,6,a,bba,,-1
1,0,4,,abb,,-1
1,0,9,,aab,,-1
1,0,7,bba,b,,-1
1,0,4,abb,bb,,-1
1,0,6,aab,abb,,-1
1,0,4,aaa,baa,,-1
1,0,3,aa,aba,,-1
1,0,2,a,bab,,-1
1,0,2,,aba,,-1
1,0,7,baa,,,-1
1,0,4,aba,b,,-1
1,0,3,bab,ab,,-1
1,0,5,aba,bab,,-1
1,0,3,aab,bba,,-1
1,0,5,baa,bbb,,-1
1,0,3,ba,bbb,,-1
1,0,2,b,bbb,,-1
1,0,5,,abb,,-1
1,0,7,abb,baa,,-1
1,0,7,bab,bba,,-1
1,0,7,aba,bbb,,-1
1,0,4,aab,bbb,,-1
1,0,6,aa,abb,,-1
1,0,4,a,aab,,-1
1,0,3,,aaa,,-1
1,0,8,,baa,,-1
1,0,4,baa,bbb,,-1
1,0,3,bba,abb,,-1
1,0,2,bb,bab,,-1
1,0,5,b,aba,,-1
1,0,6,,bab,,-1
1,0,10,,aba,,-1
1,0,6,aba,abb,,-1
1,0,4,bab,aab,,-1
1,0,6,aba,aaa,,-1
1,0,4,ab,aaa,,-1
1,0,6,a,aaa,,-1
1,0,4,,aaa,,-1
1,0,3,aaa,ab,,-1
1,0,2,aaa,bab,,-1
2,0,2,aaa,aba,,-1
1,0,2,aaa,aab,,-1
1,0,2,aaa,aaa,,-1
1,0,2,aa,aaa,,-1
1,0,2,a,aaa,,-1
1,0,2,,aaa,,-1
1,0,6,aaa,a,,-1
1,0,4,aaa,aa,,-1
1,0,3,aaa,aaa,,-1
1,0,2,aaa,baa,,-1
1,0,2,baa,aab,,-1
1,0,2,ba,aaa,,-1
1,0,2,b,aaa,,-1
1,0,5,,aaa,,-1
1,0,9,,baa,,-1
1,0,0,aba,,,-1
1,0,4,aaa,,,-1
1,0,3,aaa,a,,-1
1,0,2,baa,ba,,-1
1,0,2,aba,aba,,-1
1,0,2,aab,aab,,-1
1,0,5,aa,aaa,,-1
1,0,3,a,baa,,-1
1,0,2,,bba,,-1
1,0,3,bba,a,,-1
1,0,2,abb,ba,,-1
1,0,5,bab,aba,,-1
1,0,6,ba,bab,,-1
1,0,4,b,aba,,-1
1,0,6,,aab,,-1
