multiplier,rule,residue,symbol
2,2,19,-1
1,2,14,-1
1,2,3,-1
1,4,22,-1
2,2,1,-1
2,4,8,-1
1,4,15,-1
1,1,30,-1
3,2,21,-1
3,2,11,-1
3,2,13,-1
1,5,2,-1
1,2,5,-1
1,4,6,-1
1,4,19,-1
2,2,2,-1
2,2,8,-1
1,4,18,-1
1,2,20,-1
1,2,16,-1
2,2,4,-1
1,2,17,-1
1,4,7,-1
2,4,4,-1
1,4,17,-1
1,2,6,-1
2,2,7,-1
1,2,24,-1
1,5,27,-1
4,2,22,-1
1,2,25,-1
1,2,23,-1
1,2,10,-1
2,4,24,-1
3,2,26,-1
1,4,25,-1
1,4,1,-1
1,4,2,-1
1,3,27,-1
1,3,26,-1
1,3,25,-1
1,5,29,-1
2,3,16,-1
1,3,15,-1
1,3,14,-1
1,3,13,-1
2,3,12,-1
1,5,26,-1
1,3,11,-1
1,3,10,-1
1,3,9,-1
1,3,4,-1
1,3,3,-1
1,5,1,-1
1,2,30,-1
1,2,29,-1
1,5,28,-1
2,2,28,-1
1,5,5,-1
1,6,14,-1
1,5,23,-1
1,6,13,-1
1,6,12,-1
1,5,21,-1
1,5,11,-1
1,5,20,-1
1,5,17,-1
1,5,30,-1
2,6,8,-1
1,6,7,-1
1,6,5,-1
1,5,9,-1
1,6,4,-1
1,6,3,-1
1,6,2,-1
1,6,19,-1
2,6,17,-1
2,6,16,-1
1,8,1,-1
